IntefaceDecl,;,ident,const,ConstType,int,double,bool,string,[,],Ɛ,(,),void,",",class,{,},:,interface,lfStmt,if,esle,while,for,return,break,Console,.,Writeline,&&,==,<,<=,+,*,%,Lval,=,Lvalue,this,-,!,New,intConstant,doubleConstant,boolConstant,stringConstant,null,$,Program',Program,Decl,VariableDecl,Variable,ConstDecl,Type,Type',FunctionDecl,Formals,ClassDecl,CD',CD'',CD''',Field,InterfaceDecl,ID',Prototype,StmtBlock,SB',SB'',SB''',Stmt,Stmt',IfStmt,IS',WhileStmt,ForStmt,ReturnStmt,BreakStmt,PrintStmt,PS',Expr,Expr',Expr1,Expr1',Expr2,Expr2',Expr3,Expr3',Expr4,Expr4',Expr5,LValue,Constant
s7,,s17,s11,,s13,s14,s15,s16,s19,,s20,,,s10,,s12,,,,,,,,,,,,,,,,,,,,,,,,,,,,,,,,,,,,1,2,3,8,5,9,18,4,,6,,,,,,,,,,,,,,,,,,,,,,,,,,,,,,,,,,
,,,,,,,,,,,,,,,,,,,,,,,,,,,,,,,,,,,,,,,,,,,,,,,,,,acc,,,,,,,,,,,,,,,,,,,,,,,,,,,,,,,,,,,,,,,,,,,,,
s7,,s17,s11,,s13,s14,s15,s16,s19,,s20,,,s10,,s12,,,,,,,,,,,,,,,,,,,,,,,,,,,,,,,,,,r2,,21,2,3,8,5,9,18,4,,6,,,,,,,,,,,,,,,,,,,,,,,,,,,,,,,,,,
r3,,r3,r3,,r3,r3,r3,r3,r3,,r3,,,r3,,r3,,,,,,,,,,,,,,,,,,,,,,,,,,,,,,,,,,r3,,,,,,,,,,,,,,,,,,,,,,,,,,,,,,,,,,,,,,,,,,,,,
r4,,r4,r4,,r4,r4,r4,r4,r4,,r4,,,r4,,r4,,,,,,,,,,,,,,,,,,,,,,,,,,,,,,,,,,r4,,,,,,,,,,,,,,,,,,,,,,,,,,,,,,,,,,,,,,,,,,,,,
r5,,r5,r5,,r5,r5,r5,r5,r5,,r5,,,r5,,r5,,,,,,,,,,,,,,,,,,,,,,,,,,,,,,,,,,r5,,,,,,,,,,,,,,,,,,,,,,,,,,,,,,,,,,,,,,,,,,,,,
r6,,r6,r6,,r6,r6,r6,r6,r6,,r6,,,r6,,r6,,,,,,,,,,,,,,,,,,,,,,,,,,,,,,,,,,r6,,,,,,,,,,,,,,,,,,,,,,,,,,,,,,,,,,,,,,,,,,,,,
r7,,r7,r7,,r7,r7,r7,r7,r7,,r7,,,r7,,r7,,,,,,,,,,,,,,,,,,,,,,,,,,,,,,,,,,r7,,,,,,,,,,,,,,,,,,,,,,,,,,,,,,,,,,,,,,,,,,,,,
,s22,,,,,,,,,,,,,,,,,,,,,,,,,,,,,,,,,,,,,,,,,,,,,,,,,,,,,,,,,,,,,,,,,,,,,,,,,,,,,,,,,,,,,,,,,,,,,,
,,s23,,,,,,,,,,,,,,,,,,,,,,,,,,,,,,,,,,,,,,,,,,,,,,,,,,,,,,,,,,,,,,,,,,,,,,,,,,,,,,,,,,,,,,,,,,,,,
,,s24,,,,,,,,,,,,,,,,,,,,,,,,,,,,,,,,,,,,,,,,,,,,,,,,,,,,,,,,,,,,,,,,,,,,,,,,,,,,,,,,,,,,,,,,,,,,,
,,,,s25,,,,,,,,,,,,,,,,,,,,,,,,,,,,,,,,,,,,,,,,,,,,,,,,,,,,,,,,,,,,,,,,,,,,,,,,,,,,,,,,,,,,,,,,,,,
,,s26,,,,,,,,,,,,,,,,,,,,,,,,,,,,,,,,,,,,,,,,,,,,,,,,,,,,,,,,,,,,,,,,,,,,,,,,,,,,,,,,,,,,,,,,,,,,,
,,,,,,,,,s19,,s20,,,,,,,,,,,,,,,,,,,,,,,,,,,,,,,,,,,,,,,,,,,,,,,27,,,,,,,,,,,,,,,,,,,,,,,,,,,,,,,,,,,,,
,,,,,,,,,s19,,s20,,,,,,,,,,,,,,,,,,,,,,,,,,,,,,,,,,,,,,,,,,,,,,,28,,,,,,,,,,,,,,,,,,,,,,,,,,,,,,,,,,,,,
,,,,,,,,,s19,,s20,,,,,,,,,,,,,,,,,,,,,,,,,,,,,,,,,,,,,,,,,,,,,,,29,,,,,,,,,,,,,,,,,,,,,,,,,,,,,,,,,,,,,
,,,,,,,,,s19,,s20,,,,,,,,,,,,,,,,,,,,,,,,,,,,,,,,,,,,,,,,,,,,,,,30,,,,,,,,,,,,,,,,,,,,,,,,,,,,,,,,,,,,,
,,,,,,,,,s19,,s20,,,,,,,,,,,,,,,,,,,,,,,,,,,,,,,,,,,,,,,,,,,,,,,31,,,,,,,,,,,,,,,,,,,,,,,,,,,,,,,,,,,,,
,,r16,,,,,,,,,,,,,,,,,,,,,,,,,,,,,,,,,,,,,,,,,,,,,,,,,,,,,,,,,,,,,,,,,,,,,,,,,,,,,,,,,,,,,,,,,,,,,
,,,,,,,,,,s32,,,,,,,,,,,,,,,,,,,,,,,,,,,,,,,,,,,,,,,,,,,,,,,,,,,,,,,,,,,,,,,,,,,,,,,,,,,,,,,,,,,,,
,,r18,,,,,,,,,,,,,,,,,,,,,,,,,,,,,,,,,,,,,,,,,,,,,,,,,,,,,,,,,,,,,,,,,,,,,,,,,,,,,,,,,,,,,,,,,,,,,
,,,,,,,,,,,,,,,,,,,,,,,,,,,,,,,,,,,,,,,,,,,,,,,,,,r1,,,,,,,,,,,,,,,,,,,,,,,,,,,,,,,,,,,,,,,,,,,,,
r8,,r8,r8,,r8,r8,r8,r8,r8,,r8,,,r8,,r8,,,,,,,,,,,,,,,,,,,,,,,,,,,,,,,,,,r8,,,,,,,,,,,,,,,,,,,,,,,,,,,,,,,,,,,,,,,,,,,,,
,r9,,,,,,,,,,,s33,,,,,,,,,,,,,,,,,,,,,,,,,,,,,,,,,,,,,,,,,,,,,,,,,,,,,,,,,,,,,,,,,,,,,,,,,,,,,,,,,,,
,,,,,,,,,,,,s34,,,,,,,,,,,,,,,,,,,,,,,,,,,,,,,,,,,,,,,,,,,,,,,,,,,,,,,,,,,,,,,,,,,,,,,,,,,,,,,,,,,
,,s35,,,,,,,,,,,,,,,,,,,,,,,,,,,,,,,,,,,,,,,,,,,,,,,,,,,,,,,,,,,,,,,,,,,,,,,,,,,,,,,,,,,,,,,,,,,,,
,,,,,,,,,,,s38,,,,,,,,s37,,,,,,,,,,,,,,,,,,,,,,,,,,,,,,,,,,,,,,,,,,,36,,,,,,,,,,,,,,,,,,,,,,,,,,,,,,,,,
,,r11,,,,,,,,,,,,,,,,,,,,,,,,,,,,,,,,,,,,,,,,,,,,,,,,,,,,,,,,,,,,,,,,,,,,,,,,,,,,,,,,,,,,,,,,,,,,,
,,r12,,,,,,,,,,,,,,,,,,,,,,,,,,,,,,,,,,,,,,,,,,,,,,,,,,,,,,,,,,,,,,,,,,,,,,,,,,,,,,,,,,,,,,,,,,,,,
,,r13,,,,,,,,,,,,,,,,,,,,,,,,,,,,,,,,,,,,,,,,,,,,,,,,,,,,,,,,,,,,,,,,,,,,,,,,,,,,,,,,,,,,,,,,,,,,,
,,r14,,,,,,,,,,,,,,,,,,,,,,,,,,,,,,,,,,,,,,,,,,,,,,,,,,,,,,,,,,,,,,,,,,,,,,,,,,,,,,,,,,,,,,,,,,,,,
,,r15,,,,,,,,,,,,,,,,,,,,,,,,,,,,,,,,,,,,,,,,,,,,,,,,,,,,,,,,,,,,,,,,,,,,,,,,,,,,,,,,,,,,,,,,,,,,,
,,,,,,,,,s19,,s20,,,,,,,,,,,,,,,,,,,,,,,,,,,,,,,,,,,,,,,,,,,,,,,39,,,,,,,,,,,,,,,,,,,,,,,,,,,,,,,,,,,,,
,,s17,,,s13,s14,s15,s16,s19,,s20,,,,,,,,,,,,,,,,,,,,,,,,,,,,,,,,,,,,,,,,,,,,41,,42,18,,40,,,,,,,,,,,,,,,,,,,,,,,,,,,,,,,,,,,
,,s17,,,s13,s14,s15,s16,s19,,s20,,,,,,,,,,,,,,,,,,,,,,,,,,,,,,,,,,,,,,,,,,,,41,,42,18,,43,,,,,,,,,,,,,,,,,,,,,,,,,,,,,,,,,,,
,s44,,,,,,,,,,,,,,,,,,,,,,,,,,,,,,,,,,,,,,,,,,,,,,,,,,,,,,,,,,,,,,,,,,,,,,,,,,,,,,,,,,,,,,,,,,,,,,
,,,,,,,,,,,s47,,,,s46,,,,,,,,,,,,,,,,,,,,,,,,,,,,,,,,,,,,,,,,,,,,,,,,45,,,,,,,,,,,,,,,,,,,,,,,,,,,,,,,,
,,s48,,,,,,,,,,,,,,,,,,,,,,,,,,,,,,,,,,,,,,,,,,,,,,,,,,,,,,,,,,,,,,,,,,,,,,,,,,,,,,,,,,,,,,,,,,,,,
,,,,,,,,,,,r25,,,,r25,,,,,,,,,,,,,,,,,,,,,,,,,,,,,,,,,,,,,,,,,,,,,,,,,,,,,,,,,,,,,,,,,,,,,,,,,,,,,,,,
,,r17,,,,,,,,,,,,,,,,,,,,,,,,,,,,,,,,,,,,,,,,,,,,,,,,,,,,,,,,,,,,,,,,,,,,,,,,,,,,,,,,,,,,,,,,,,,,,
,,,,,,,,,,,,,s49,,,,,,,,,,,,,,,,,,,,,,,,,,,,,,,,,,,,,,,,,,,,,,,,,,,,,,,,,,,,,,,,,,,,,,,,,,,,,,,,,,
,,,,,,,,,,,,,r22,,s50,,,,,,,,,,,,,,,,,,,,,,,,,,,,,,,,,,,,,,,,,,,,,,,,,,,,,,,,,,,,,,,,,,,,,,,,,,,,,,,,
,,s51,,,,,,,,,,,,,,,,,,,,,,,,,,,,,,,,,,,,,,,,,,,,,,,,,,,,,,,,,,,,,,,,,,,,,,,,,,,,,,,,,,,,,,,,,,,,,
,,,,,,,,,,,,,s52,,,,,,,,,,,,,,,,,,,,,,,,,,,,,,,,,,,,,,,,,,,,,,,,,,,,,,,,,,,,,,,,,,,,,,,,,,,,,,,,,,
r10,,r10,r10,,r10,r10,r10,r10,r10,,r10,,,r10,,r10,,,,,,,,,,,,,,,,,,,,,,,,,,,,,,,,,,r10,,,,,,,,,,,,,,,,,,,,,,,,,,,,,,,,,,,,,,,,,,,,,
,,,,,,,,,,,,,,,,,s53,,,,,,,,,,,,,,,,,,,,,,,,,,,,,,,,,,,,,,,,,,,,,,,,,,,,,,,,,,,,,,,,,,,,,,,,,,,,,,
,,s54,,,,,,,,,,,,,,,,,,,,,,,,,,,,,,,,,,,,,,,,,,,,,,,,,,,,,,,,,,,,,,,,,,,,,,,,,,,,,,,,,,,,,,,,,,,,,
,,,,,,,,,,,,,,,,,r27,,,,,,,,,,,,,,,,,,,,,,,,,,,,,,,,,,,,,,,,,,,,,,,,,,,,,,,,,,,,,,,,,,,,,,,,,,,,,,
,,,,,,,,,,,r24,,,,r24,,,,,,,,,,,,,,,,,,,,,,,,,,,,,,,,,,,,,,,,,,,,,,,,,,,,,,,,,,,,,,,,,,,,,,,,,,,,,,,,
,,,,,,,,,,,,,,,,,s56,,,,,,,,,,,,,,,,,,,,,,,,,,,,,,,,,,,,,,,,,,,,,,,,,,,,55,,,,,,,,,,,,,,,,,,,,,,,,,,
,,s17,,,s13,s14,s15,s16,s19,,s20,,,,,,,,,,,,,,,,,,,,,,,,,,,,,,,,,,,,,,,,,,,,41,,42,18,,57,,,,,,,,,,,,,,,,,,,,,,,,,,,,,,,,,,,
,,,,,,,,,,,,,r9,,r9,,,,,,,,,,,,,,,,,,,,,,,,,,,,,,,,,,,,,,,,,,,,,,,,,,,,,,,,,,,,,,,,,,,,,,,,,,,,,,,,
,,,,,,,,,,,,,,,,,s56,,,,,,,,,,,,,,,,,,,,,,,,,,,,,,,,,,,,,,,,,,,,,,,,,,,,58,,,,,,,,,,,,,,,,,,,,,,,,,,
,,s17,s68,,s13,s14,s15,s16,s19,,s61,,,s67,,,,,,,,,,,,,,,,,,,,,,,,,,,,,,,,,,,,,,,,62,65,64,66,18,63,,,,,59,60,,,,,,,,,,,,,,,,,,,,,,,,,,,,,,
,,,,,,,,,,,s47,,,,s46,,,,,,,,,,,,,,,,,,,,,,,,,,,,,,,,,,,,,,,,,,,,,,,,69,,,,,,,,,,,,,,,,,,,,,,,,,,,,,,,,
r19,,r19,r19,,r19,r19,r19,r19,r19,,r19,,,r19,,r19,,,,,,,,,,,,,,,,,,,,,,,,,,,,,,,,,,r19,,,,,,,,,,,,,,,,,,,,,,,,,,,,,,,,,,,,,,,,,,,,,
,,s17,,,s13,s14,s15,s16,s19,,s72,,,,,,,,,,,,,,,,,,,,,,,,,,,,,,,,,,,,,,,,,,,71,73,,74,18,,,,,,,,,,,,70,,,,,,,,,,,,,,,,,,,,,,,,,
,,,,,,,,,,,,,r21,,,,,,,,,,,,,,,,,,,,,,,,,,,,,,,,,,,,,,,,,,,,,,,,,,,,,,,,,,,,,,,,,,,,,,,,,,,,,,,,,,
r20,,r20,r20,,r20,r20,r20,r20,r20,,r20,,,r20,,r20,,,,,,,,,,,,,,,,,,,,,,,,,,,,,,,,,,r20,,,,,,,,,,,,,,,,,,,,,,,,,,,,,,,,,,,,,,,,,,,,,
,,,,,,,,,,,,,,,,,,s75,,,,,,,,,,,,,,,,,,,,,,,,,,,,,,,,,,,,,,,,,,,,,,,,,,,,,,,,,,,,,,,,,,,,,,,,,,,,,
,,s17,s68,,s13,s14,s15,s16,s19,,s61,,,s67,,,,,,,,,,,,,,,,,,,,,,,,,,,,,,,,,,,,,,,,62,65,64,66,18,63,,,,,76,60,,,,,,,,,,,,,,,,,,,,,,,,,,,,,,
,,r18,,,,,,,,,,,,,,,,r29,,,,,,,,,,,,,,,,,,,,,,,,,,,,,,,,,,,,,,,,,,,,,,,,,,,,,,,,,,,,,,,,,,,,,,,,,,,,,
,,r30,r30,,r30,r30,r30,r30,r30,,r30,,,r30,,,,,,,,,,,,,,,,,,,,,,,,,,,,,,,,,,,,,,,,,,,,,,,,,,,,,,,,,,,,,,,,,,,,,,,,,,,,,,,,,
,,r31,r31,,r31,r31,r31,r31,r31,,r31,,,r31,,,,,,,,,,,,,,,,,,,,,,,,,,,,,,,,,,,,,,,,,,,,,,,,,,,,,,,,,,,,,,,,,,,,,,,,,,,,,,,,,
,,r32,r32,,r32,r32,r32,r32,r32,,r32,,,r32,,,,,,,,,,,,,,,,,,,,,,,,,,,,,,,,,,,,,,,,,,,,,,,,,,,,,,,,,,,,,,,,,,,,,,,,,,,,,,,,,
,s77,,,,,,,,,,,,,,,,,,,,,,,,,,,,,,,,,,,,,,,,,,,,,,,,,,,,,,,,,,,,,,,,,,,,,,,,,,,,,,,,,,,,,,,,,,,,,,
,,s78,,,,,,,,,,,,,,,,,,,,,,,,,,,,,,,,,,,,,,,,,,,,,,,,,,,,,,,,,,,,,,,,,,,,,,,,,,,,,,,,,,,,,,,,,,,,,
,,s79,,,,,,,,,,,,,,,,,,,,,,,,,,,,,,,,,,,,,,,,,,,,,,,,,,,,,,,,,,,,,,,,,,,,,,,,,,,,,,,,,,,,,,,,,,,,,
,,,,s80,,,,,,,,,,,,,,,,,,,,,,,,,,,,,,,,,,,,,,,,,,,,,,,,,,,,,,,,,,,,,,,,,,,,,,,,,,,,,,,,,,,,,,,,,,,
,,,,,,,,,,,,,,,,,r26,,,,,,,,,,,,,,,,,,,,,,,,,,,,,,,,,,,,,,,,,,,,,,,,,,,,,,,,,,,,,,,,,,,,,,,,,,,,,,
,,,s84,,,,,,,,s83,,,,,,,,,,,,,,,,,,,,,,,,,,,,,,,,,,,,,,,,,,,,,82,,,,,,,,,,,,,,,81,,,,,,,,,,,,,,,,,,,,,,,,
,,s17,,,s13,s14,s15,s16,s19,,s72,,,,,,,,,,,,,,,,,,,,,,,,,,,,,,,,,,,,,,,,,,,71,73,,74,18,,,,,,,,,,,,85,,,,,,,,,,,,,,,,,,,,,,,,,
,,r18,r40,,,,,,,,r40,,,,,,,,,,,,,,,,,,,,,,,,,,,,,,,,,,,,,,,,,,,,,,,,,,,,,,,,,,,,,,,,,,,,,,,,,,,,,,,,,,,,
,s86,,,,,,,,,,,,,,,,,,,,,,,,,,,,,,,,,,,,,,,,,,,,,,,,,,,,,,,,,,,,,,,,,,,,,,,,,,,,,,,,,,,,,,,,,,,,,,
,,s87,,,,,,,,,,,,,,,,,,,,,,,,,,,,,,,,,,,,,,,,,,,,,,,,,,,,,,,,,,,,,,,,,,,,,,,,,,,,,,,,,,,,,,,,,,,,,
r23,,r23,r23,,r23,r23,r23,r23,r23,,r23,,,r23,,r23,,,,,,,,,,,,,,,,,,,,,,,,,,,,,,,,,,r23,,,,,,,,,,,,,,,,,,,,,,,,,,,,,,,,,,,,,,,,,,,,,
,,,,,,,,,,,,,,,,,,r28,,,,,,,,,,,,,,,,,,,,,,,,,,,,,,,,,,,,,,,,,,,,,,,,,,,,,,,,,,,,,,,,,,,,,,,,,,,,,
,,r8,r8,,r8,r8,r8,r8,r8,,r8,,,r8,,,,,,,,,,,,,,,,,,,,,,,,,,,,,,,,,,,,,,,,,,,,,,,,,,,,,,,,,,,,,,,,,,,,,,,,,,,,,,,,,
,r9,,,,,,,,,,,s88,,,,,,,,,,,,,,,,,,,,,,,,,,,,,,,,,,,,,,,,,,,,,,,,,,,,,,,,,,,,,,,,,,,,,,,,,,,,,,,,,,,
,,,,,,,,,,,,s89,,,,,,,,,,,,,,,,,,,,,,,,,,,,,,,,,,,,,,,,,,,,,,,,,,,,,,,,,,,,,,,,,,,,,,,,,,,,,,,,,,,
,,s90,,,,,,,,,,,,,,,,,,,,,,,,,,,,,,,,,,,,,,,,,,,,,,,,,,,,,,,,,,,,,,,,,,,,,,,,,,,,,,,,,,,,,,,,,,,,,
,,,,,,,,,,,s93,,,,,,s108,,,,s95,,,s103,s104,s106,s105,s107,,,s102,,,,,,,,,,,,,,,,,,,,,,,,,,,,,,,,,,,,,,101,,,91,92,,,,96,97,99,98,100,,,94,,,,,,,,,,,
,,,s84,,,,,,,,s83,,,,,,,,,,,,,,,,,,,,,,,,,,,,,,,,,,,,,,,,,,,,,82,,,,,,,,,,,,,,,109,,,,,,,,,,,,,,,,,,,,,,,,
,,,,,,,,,,,r42,,,,,,r42,,,,r42,,,r42,r42,r42,r42,r42,,,r42,,,,,,,,,,,,,,,,,,,,,,,,,,,,,,,,,,,,,,,,,,,,,,,,,,,,,,,,,,,,,,,,
,,,,s110,,,,,,,,,,,,,,,,,,,,,,,,,,,,,,,,,,,,,,,,,,,,,,,,,,,,,,,,,,,,,,,,,,,,,,,,,,,,,,,,,,,,,,,,,,,
,,,r39,,,,,,,,r39,,,,,,,,,,,,,,,,,,,,,,,,,,,,,,,,,,,,,,,,,,,,,,,,,,,,,,,,,,,,,,,,,,,,,,,,,,,,,,,,,,,,
,,r8,,,r8,r8,r8,r8,r8,,r8,,,,,,,,,,,,,,,,,,,,,,,,,,,,,,,,,,,,,,,,,,,,,,,,,,,,,,,,,,,,,,,,,,,,,,,,,,,,,,,,,,,,
,r9,,,,,,,,,,,,,,,,,,,,,,,,,,,,,,,,,,,,,,,,,,,,,,,,,,,,,,,,,,,,,,,,,,,,,,,,,,,,,,,,,,,,,,,,,,,,,,
,,s17,,,s13,s14,s15,s16,s19,,s20,,,,,,,,,,,,,,,,,,,,,,,,,,,,,,,,,,,,,,,,,,,,41,,42,18,,111,,,,,,,,,,,,,,,,,,,,,,,,,,,,,,,,,,,
,,s17,,,s13,s14,s15,s16,s19,,s20,,,,,,,,,,,,,,,,,,,,,,,,,,,,,,,,,,,,,,,,,,,,41,,42,18,,112,,,,,,,,,,,,,,,,,,,,,,,,,,,,,,,,,,,
,s113,,,,,,,,,,,,,,,,,,,,,,,,,,,,,,,,,,,,,,,,,,,,,,,,,,,,,,,,,,,,,,,,,,,,,,,,,,,,,,,,,,,,,,,,,,,,,,
,,,,,,,,,,,,,,,,,,s114,,,,,,,,,,,,,,,,,,,,,,,,,,,,,,,,,,,,,,,,,,,,,,,,,,,,,,,,,,,,,,,,,,,,,,,,,,,,,
,,,,,,,,,,,s93,,,,,,s108,,,,s95,,,s103,s104,s106,s105,s107,,,s102,,,,,,,,,,,,,,,,,,,,,,,,,,,,,,,,,,,,,,101,,,115,92,,,,96,97,99,98,100,,,94,,,,,,,,,,,
,r67,,,,,,,,,,,,,,,,,r44,,,,,,,,,,,,,,,,,,,,,,,,,,,,,,,,,,,,,,,,,,,,,,,,,,,,,,,,,,,,,,,,,,,,,,,,,,,,,
,s116,,,,,,,,,,,,,,,,,,,,,,,,,,,,,,,,,,,,,,,,,,,,,,,,,,,,,,,,,,,,,,,,,,,,,,,,,,,,,,,,,,,,,,,,,,,,,,
,,,,,,,,,,,r46,,,,,,r46,,,,r46,,,r46,r46,r46,r46,r46,,,r46,,,,,,,,,,,,,,,,,,,,,,,,,,,,,,,,,,,,,,,,,,,,,,,,,,,,,,,,,,,,,,,,
,,,,,,,,,,,r47,,,,,,r47,,,,r47,,,r47,r47,r47,r47,r47,,,r47,,,,,,,,,,,,,,,,,,,,,,,,,,,,,,,,,,,,,,,,,,,,,,,,,,,,,,,,,,,,,,,,
,,,,,,,,,,,r48,,,,,,r48,,,,r48,,,r48,r48,r48,r48,r48,,,r48,,,,,,,,,,,,,,,,,,,,,,,,,,,,,,,,,,,,,,,,,,,,,,,,,,,,,,,,,,,,,,,,
,,,,,,,,,,,r49,,,,,,r49,,,,r49,,,r49,r49,r49,r49,r49,,,r49,,,,,,,,,,,,,,,,,,,,,,,,,,,,,,,,,,,,,,,,,,,,,,,,,,,,,,,,,,,,,,,,
,,,,,,,,,,,r50,,,,,,r50,,,,r50,,,r50,r50,r50,r50,r50,,,r50,,,,,,,,,,,,,,,,,,,,,,,,,,,,,,,,,,,,,,,,,,,,,,,,,,,,,,,,,,,,,,,,
,,,,,,,,,,,r51,,,,,,r51,,,,r51,,,r51,r51,r51,r51,r51,,,r51,,,,,,,,,,,,,,,,,,,,,,,,,,,,,,,,,,,,,,,,,,,,,,,,,,,,,,,,,,,,,,,,
,,,,,,,,,,,r52,,,,,,r52,,,,r52,,,r52,r52,r52,r52,r52,,,r52,,,,,,,,,,,,,,,,,,,,,,,,,,,,,,,,,,,,,,,,,,,,,,,,,,,,,,,,,,,,,,,,
,,,,,,,,,,,s118,,,,,,,,,,,,,,,,,,,,s102,,,,,,,,,,,,,,,,,,,,,,,,,,,,,,,,,,,,,,,,,,,,,,,,,,,,,117,,,,,,,,,,,
,,,,,,,,,,,,s119,,,,,,,,,,,,,,,,,,,,,,,,,,,,,,,,,,,,,,,,,,,,,,,,,,,,,,,,,,,,,,,,,,,,,,,,,,,,,,,,,,,
,,,,,,,,,,,,s120,,,,,,,,,,,,,,,,,,,,,,,,,,,,,,,,,,,,,,,,,,,,,,,,,,,,,,,,,,,,,,,,,,,,,,,,,,,,,,,,,,,
,s121,,,,,,,,,,,,,,,,,,,,,,,,,,,,,,,,,,,,,,,,,,,,,,,,,,,,,,,,,,,,,,,,,,,,,,,,,,,,,,,,,,,,,,,,,,,,,,
,,,,,,,,,,,,s132,,,,,,,,,,,,,,,,,,,,,,,,,,s128,,s130,s131,s133,s134,s135,s136,s137,s138,s139,s140,,,,,,,,,,,,,,,,,,,,,,,,,,,,,,,,,,122,,123,,124,,125,,126,,127,,129
,,,,,,,,,,,,,,,,,,,,,,,,,,,,,s141,,,,,,,,,,,,,,,,,,,,,,,,,,,,,,,,,,,,,,,,,,,,,,,,,,,,,,,,,,,,,,,,,,
,,s17,,,s13,s14,s15,s16,s19,,s72,,,,,,,,,,,,,,,,,,,,,,,,,,,,,,,,,,,,,,,,,,,71,73,,74,18,,,,,,,,,,,,142,,,,,,,,,,,,,,,,,,,,,,,,,
,,,,,,,,,,,r41,,,,,,r41,,,,r41,,,r41,r41,r41,r41,r41,,,r41,,,,,,,,,,,,,,,,,,,,,,,,,,,,,,,,,,,,,,,,,,,,,,,,,,,,,,,,,,,,,,,,
,,s143,,,,,,,,,,,,,,,,,,,,,,,,,,,,,,,,,,,,,,,,,,,,,,,,,,,,,,,,,,,,,,,,,,,,,,,,,,,,,,,,,,,,,,,,,,,,,
,,,,,,,,,,,,,s144,,,,,,,,,,,,,,,,,,,,,,,,,,,,,,,,,,,,,,,,,,,,,,,,,,,,,,,,,,,,,,,,,,,,,,,,,,,,,,,,,,
,,,,,,,,,,,,,s145,,,,,,,,,,,,,,,,,,,,,,,,,,,,,,,,,,,,,,,,,,,,,,,,,,,,,,,,,,,,,,,,,,,,,,,,,,,,,,,,,,
,,r10,r10,,r10,r10,r10,r10,r10,,r10,,,r10,,,,,,,,,,,,,,,,,,,,,,,,,,,,,,,,,,,,,,,,,,,,,,,,,,,,,,,,,,,,,,,,,,,,,,,,,,,,,,,,,
r38,,r38,r38,,r38,r38,r38,r38,r38,,r38,,,r38,,r38,,,,,,,,,,,,,,,,,,,,,,,,,,,,,,,,,,r38,,,,,,,,,,,,,,,,,,,,,,,,,,,,,,,,,,,,,,,,,,,,,
,,,,,,,,,,,,,,,,,,r43,,,,,,,,,,,,,,,,,,,,,,,,,,,,,,,,,,,,,,,,,,,,,,,,,,,,,,,,,,,,,,,,,,,,,,,,,,,,,
,,,,,,,,,,,r45,,,,,,r45,,,,r45,,,r45,r45,r45,r45,r45,,,r45,,,,,,,,,,,,,,,,,,,,,,,,,,,,,,,,,,,,,,,,,,,,,,,,,,,,,,,,,,,,,,,,
,r66,,,,,,,,,,,,,,,,,,,,,,,,,,,,,,,,,,,,,,,,,,,,,,,,,,,,,,,,,,,,,,,,,,,,,,,,,,,,,,,,,,,,,,,,,,,,,,
,r67,,,,,,,,,,,,,,,,,,,,,,,,,,,,,,,,,,,,,,,,,,,,,,,,,,,,,,,,,,,,,,,,,,,,,,,,,,,,,,,,,,,,,,,,,,,,,,
,,,,,,,,,,,,s132,,,,,,,,,,,,,,,,,,,,,,,,,,s128,,s130,s131,s133,s134,s135,s136,s137,s138,s139,s140,,,,,,,,,,,,,,,,,,,,,,,,,,,,,,,,,,146,,147,,124,,125,,126,,127,,129
,,,,,,,,,,,,s132,,,,,,,,,,,,,,,,,,,,,,,,,,s128,,s130,s131,s133,s134,s135,s136,s137,s138,s139,s140,,,,,,,,,,,,,,,,,,,,,,,,,,,,,,,,,,148,,123,,124,,125,,126,,127,,129
,,,,,,,,,,,r61,,,,,,r61,,,,r61,,,r61,r61,r61,r61,r61,,,r61,,,,,,,,,,,,,,,,,,,,,,,,,,,,,,,,,,,,,,,,,,,,,,,,,,,,,,,,,,,,,,,,
,s149,,,,,,,,,,,,,,,,,,,,,,,,,,,,,,,,,,,,,,,,,,,,,,,,,,,,,,,,,,,,,,,,,,,,,,,,,,,,,,,,,,,,,,,,,,,,,,
,,,,,,,,,,,s118,,,,,,,,,,,,,,,,,,,,s102,,,,,,,,,,,,,,,,,,,,,,,,,,,,,,,,,,,,,,,,,,,,,,,,,,,,,150,,,,,,,,,,,
,,,,,,,,,,,s153,,,,,,,,,,,,,,,,,,,,,s152,,,,,,,,,,,,,,,,,,,,,,,,,,,,,,,,,,,,,,,,,,,,,,,,,,,,,,151,,,,,,,,,
,,,,,,,,,,,s157,,,,,,,,,,,,,,,,,,,,,,s155,s156,,,,,,,,,,,,,,,,,,,,,,,,,,,,,,,,,,,,,,,,,,,,,,,,,,,,,,154,,,,,,,
,,,,,,,,,,,s160,,,,,,,,,,,,,,,,,,,,,,,,s159,,,,,,,,,,,,,,,,,,,,,,,,,,,,,,,,,,,,,,,,,,,,,,,,,,,,,,,158,,,,,
,,,,,,,,,,,s164,,,,,,,,,,,,,,,,,,,,,,,,,s162,s163,,,,,,,,,,,,,,,,,,,,,,,,,,,,,,,,,,,,,,,,,,,,,,,,,,,,,,,161,,,
,,,,,,,,,,,,,,,,,,,,,,,,,,,,,,,,,,,,,,,s165,,,,,,,,,,,,,,,,,,,,,,,,,,,,,,,,,,,,,,,,,,,,,,,,,,,,,,,,
,,,,,,,,,,,r83,,,,,,,,,,,,,,,,,,,,,,,,,r83,r83,,,,,,,,,,,,,,,,,,,,,,,,,,,,,,,,,,,,,,,,,,,,,,,,,,,,,,,,,,
,,,,,,,,,,,r84,,,,,,,,,,,,,,,,,,,,,,,,,r84,r84,,,,,,,,,,,,,,,,,,,,,,,,,,,,,,,,,,,,,,,,,,,,,,,,,,,,,,,,,,
,,,,,,,,,,,r85,,,,,,,,,,,,,,,,,,,,,,,,,r85,r85,,,,,,,,,,,,,,,,,,,,,,,,,,,,,,,,,,,,,,,,,,,,,,,,,,,,,,,,,,
,,,,,,,,,,,,s132,,,,,,,,,,,,,,,,,,,,,,,,,,s128,,s130,s131,s133,s134,s135,s136,s137,s138,s139,s140,,,,,,,,,,,,,,,,,,,,,,,,,,,,,,,,,,166,,147,,124,,125,,126,,127,,129
,,,,,,,,,,,,s132,,,,,,,,,,,,,,,,,,,,,,,,,,s128,,s130,s131,s133,s134,s135,s136,s137,s138,s139,s140,,,,,,,,,,,,,,,,,,,,,,,,,,,,,,,,,,167,,168,,124,,125,,126,,127,,129
,,,,,,,,,,,,s132,,,,,,,,,,,,,,,,,,,,,,,,,,s128,,s130,s131,s133,s134,s135,s136,s137,s138,s139,s140,,,,,,,,,,,,,,,,,,,,,,,,,,,,,,,,,,169,,168,,124,,125,,126,,127,,129
,,,,,,,,,,,,s170,,,,,,,,,,,,,,,,,,,,,,,,,,,,,,,,,,,,,,,,,,,,,,,,,,,,,,,,,,,,,,,,,,,,,,,,,,,,,,,,,,,
,,,,,,,,,,,r92,,,,,,,,,,,,,,,,,,,,,,,,,r92,r92,,,,,,,,,,,,,,,,,,,,,,,,,,,,,,,,,,,,,,,,,,,,,,,,,,,,,,,,,,
,,,,,,,,,,,r93,,,,,,,,,,,,,,,,,,,,,,,,,r93,r93,,,,,,,,,,,,,,,,,,,,,,,,,,,,,,,,,,,,,,,,,,,,,,,,,,,,,,,,,,
,,,,,,,,,,,r94,,,,,,,,,,,,,,,,,,,,,,,,,r94,r94,,,,,,,,,,,,,,,,,,,,,,,,,,,,,,,,,,,,,,,,,,,,,,,,,,,,,,,,,,
,,,,,,,,,,,r95,,,,,,,,,,,,,,,,,,,,,,,,,r95,r95,,,,,,,,,,,,,,,,,,,,,,,,,,,,,,,,,,,,,,,,,,,,,,,,,,,,,,,,,,
,,,,,,,,,,,r96,,,,,,,,,,,,,,,,,,,,,,,,,r96,r96,,,,,,,,,,,,,,,,,,,,,,,,,,,,,,,,,,,,,,,,,,,,,,,,,,,,,,,,,,
,,,,,,,,,,,,,,,,,,,,,,,,,,,,,,s171,,,,,,,,,,,,,,,,,,,,,,,,,,,,,,,,,,,,,,,,,,,,,,,,,,,,,,,,,,,,,,,,,
,,,s84,,,,,,,,s83,,,,,,,,,,,,,,,,,,,,,,,,,,,,,,,,,,,,,,,,,,,,,82,,,,,,,,,,,,,,,172,,,,,,,,,,,,,,,,,,,,,,,,
,s173,,,,,,,,,,,,,,,,,,,,,,,,,,,,,,,,,,,,,,,,,,,,,,,,,,,,,,,,,,,,,,,,,,,,,,,,,,,,,,,,,,,,,,,,,,,,,,
,,,,,,,,,,,,,,,,,s175,,,,,,,,,,,,,,,,,,,,,,,,,,,,,,,,,,,,,,,,,,,,,,,,,,,,174,,,,,,,,,,,,,,,,,,,,,,,,,,
,,,,,,,,,,,,,,,,,s175,,,,,,,,,,,,,,,,,,,,,,,,,,,,,,,,,,,,,,,,,,,,,,,,,,,,176,,,,,,,,,,,,,,,,,,,,,,,,,,
,,,,,,,,,,,,,s177,,,,,,,,,,,,,,,,,,,,,,,,,,,,,,,,,,,,,,,,,,,,,,,,,,,,,,,,,,,,,,,,,,,,,,,,,,,,,,,,,,
,,,,,,,,,,,s180,,,,,,,,,,,,,,,,,,,,s179,,,,,,,,,,,,,,,,,,,,,,,,,,,,,,,,,,,,,,,,,,,,,,,,,,,,,178,,,,,,,,,,,
,s181,,,,,,,,,,,,,,,,,,,,,,,,,,,,,,,,,,,,,,,,,,,,,,,,,,,,,,,,,,,,,,,,,,,,,,,,,,,,,,,,,,,,,,,,,,,,,,
,,,,,,,,,,,r60,,,,,,r60,,,,r60,,,r60,r60,r60,r60,r60,,,r60,,,,,,,,,,,,,,,,,,,,,,,,,,,,,,,,,,,,,,,,,,,,,,,,,,,,,,,,,,,,,,,,
,r65,,,,,,,,,,,,,,,,,,,,,,,,,,,,,,,,,,,,,,,,,,,,,,,,,,,,,,,,,,,,,,,,,,,,,,,,,,,,,,,,,,,,,,,,,,,,,,
,,,,,,,,,,,r68,,,,,,,,,,,,,,,,,,,,r68,,,,,,,,,,,,,,,,,,,,,,,,,,,,,,,,,,,,,,,,,,,,,,,,,,,,,,,,,,,,,,,,
,,,,,,,,,,,s153,,,,,,,,,,,,,,,,,,,,,s152,,,,,,,,,,,,,,,,,,,,,,,,,,,,,,,,,,,,,,,,,,,,,,,,,,,,,,182,,,,,,,,,
,,,,,,,,,,,r70,,,,,,,,,,,,,,,,,,,,r70,,,,,,,,,,,,,,,,,,,,,,,,,,,,,,,,,,,,,,,,,,,,,,,,,,,,,,,,,,,,,,,,
,,,,,,,,,,,r71,,,,,,,,,,,,,,,,,,,,,r71,,,,,,,,,,,,,,,,,,,,,,,,,,,,,,,,,,,,,,,,,,,,,,,,,,,,,,,,,,,,,,,
,,,,,,,,,,,s157,,,,,,,,,,,,,,,,,,,,,,s155,s156,,,,,,,,,,,,,,,,,,,,,,,,,,,,,,,,,,,,,,,,,,,,,,,,,,,,,,183,,,,,,,
,,,,,,,,,,,s157,,,,,,,,,,,,,,,,,,,,,,s155,s156,,,,,,,,,,,,,,,,,,,,,,,,,,,,,,,,,,,,,,,,,,,,,,,,,,,,,,184,,,,,,,
,,,,,,,,,,,r74,,,,,,,,,,,,,,,,,,,,,r74,,,,,,,,,,,,,,,,,,,,,,,,,,,,,,,,,,,,,,,,,,,,,,,,,,,,,,,,,,,,,,,
,,,,,,,,,,,r75,,,,,,,,,,,,,,,,,,,,,,r75,r75,,,,,,,,,,,,,,,,,,,,,,,,,,,,,,,,,,,,,,,,,,,,,,,,,,,,,,,,,,,,,
,,,,,,,,,,,s160,,,,,,,,,,,,,,,,,,,,,,,,s159,,,,,,,,,,,,,,,,,,,,,,,,,,,,,,,,,,,,,,,,,,,,,,,,,,,,,,,185,,,,,
,,,,,,,,,,,r77,,,,,,,,,,,,,,,,,,,,,,r77,r77,,,,,,,,,,,,,,,,,,,,,,,,,,,,,,,,,,,,,,,,,,,,,,,,,,,,,,,,,,,,,
,,,,,,,,,,,r78,,,,,,,,,,,,,,,,,,,,,,,,r78,,,,,,,,,,,,,,,,,,,,,,,,,,,,,,,,,,,,,,,,,,,,,,,,,,,,,,,,,,,,
,,,,,,,,,,,s164,,,,,,,,,,,,,,,,,,,,,,,,,s162,s163,,,,,,,,,,,,,,,,,,,,,,,,,,,,,,,,,,,,,,,,,,,,,,,,,,,,,,,186,,,
,,,,,,,,,,,s164,,,,,,,,,,,,,,,,,,,,,,,,,s162,s163,,,,,,,,,,,,,,,,,,,,,,,,,,,,,,,,,,,,,,,,,,,,,,,,,,,,,,,187,,,
,,,,,,,,,,,r81,,,,,,,,,,,,,,,,,,,,,,,,r81,,,,,,,,,,,,,,,,,,,,,,,,,,,,,,,,,,,,,,,,,,,,,,,,,,,,,,,,,,,,
,,,,,,,,,,,,s132,,,,,,,,,,,,,,,,,,,,,,,,,,s128,,s130,s131,s133,s134,s135,s136,s137,s138,s139,s140,,,,,,,,,,,,,,,,,,,,,,,,,,,,,,,,,,188,,168,,124,,125,,126,,127,,129
,,,,,,,,,,,,,s189,,,,,,,,,,,,,,,,,,,,,,,,,,,,,,,,,,,,,,,,,,,,,,,,,,,,,,,,,,,,,,,,,,,,,,,,,,,,,,,,,,
,,,,,,,,,,,r87,,,,,,,,,,,,,,,,,,,,,,,,,r87,r87,,,,,,,,,,,,,,,,,,,,,,,,,,,,,,,,,,,,,,,,,,,,,,,,,,,,,,,,,,
,,,,,,,,,,,s192,,,,,,,,,,,,,,,,,,,,s191,,,,,,,,,,,,,,,,,,,,,,,,,,,,,,,,,,,,,,,,,,,,,,,,,,,,,190,,,,,,,,,,,
,,,,,,,,,,,r88,,,,,,,,,,,,,,,,,,,,,,,,,r88,r88,,,,,,,,,,,,,,,,,,,,,,,,,,,,,,,,,,,,,,,,,,,,,,,,,,,,,,,,,,
,,s193,,,,,,,,,,,,,,,,,,,,,,,,,,,,,,,,,,,,,,,,,,,,,,,,,,,,,,,,,,,,,,,,,,,,,,,,,,,,,,,,,,,,,,,,,,,,,
,,,,,,,,,,,,s194,,,,,,,,,,,,,,,,,,,,,,,,,,,,,,,,,,,,,,,,,,,,,,,,,,,,,,,,,,,,,,,,,,,,,,,,,,,,,,,,,,,
,,,,,,,,,,,s93,,,,,,s108,,,,s95,,,s103,s104,s106,s105,s107,,,s102,,,,,,,,,,,,,,,,,,,,,,,,,,,,,,,,,,,,,,101,,,195,92,,,,96,97,99,98,100,,,94,,,,,,,,,,,
,,,r10,,,,,,,,r10,,,,,,,,,,,,,,,,,,,,,,,,,,,,,,,,,,,,,,,,,,,,,,,,,,,,,,,,,,,,,,,,,,,,,,,,,,,,,,,,,,,,
,,r19,r19,,r19,r19,r19,r19,r19,,r19,,,r19,,,,,,,,,,,,,,,,,,,,,,,,,,,,,,,,,,,,,,,,,,,,,,,,,,,,,,,,,,,,,,,,,,,,,,,,,,,,,,,,,
,,s17,,,s13,s14,s15,s16,s19,,s72,,,,,,,,,,,,,,,,,,,,,,,,,,,,,,,,,,,,,,,,,,,71,73,,74,18,,,,,,,,,,,,196,,,,,,,,,,,,,,,,,,,,,,,,,
,,r20,r20,,r20,r20,r20,r20,r20,,r20,,,r20,,,,,,,,,,,,,,,,,,,,,,,,,,,,,,,,,,,,,,,,,,,,,,,,,,,,,,,,,,,,,,,,,,,,,,,,,,,,,,,,,
,,,,,,,,,,,s118,,,,,,s108,,,,s95,,,s103,s104,s106,s105,s107,,,s102,,,,,,,,,,,,,,,,,,,,,,,,,,,,,,,,,,,,,,101,,,,197,,,,96,97,99,98,100,,,94,,,,,,,,,,,
,,,,,,,,,,,,,r65,,,,,,,,,,,,,,,,,,,,,,,,,,,,,,,,,,,,,,,,,,,,,,,,,,,,,,,,,,,,,,,,,,,,,,,,,,,,,,,,,,
,,,,,,,,,,,s180,,,,,,,,,,,,,,,,,,,,s179,,,,,,,,,,,,,,,,,,,,,,,,,,,,,,,,,,,,,,,,,,,,,,,,,,,,,198,,,,,,,,,,,
,,,,,,,,,,,,,r67,,,,,,,,,,,,,,,,,,,,,,,,,,,,,,,,,,,,,,,,,,,,,,,,,,,,,,,,,,,,,,,,,,,,,,,,,,,,,,,,,,
,,,,,,,,,,,,s132,,,,,,,,,,,,,,,,,,,,,,,,,,s128,,s130,s131,s133,s134,s135,s136,s137,s138,s139,s140,,,,,,,,,,,,,,,,,,,,,,,,,,,,,,,,,,199,,123,,124,,125,,126,,127,,129
,,,,,,,,,,,r69,,,,,,,,,,,,,,,,,,,,r69,,,,,,,,,,,,,,,,,,,,,,,,,,,,,,,,,,,,,,,,,,,,,,,,,,,,,,,,,,,,,,,,
,,,,,,,,,,,r72,,,,,,,,,,,,,,,,,,,,,r72,,,,,,,,,,,,,,,,,,,,,,,,,,,,,,,,,,,,,,,,,,,,,,,,,,,,,,,,,,,,,,,
,,,,,,,,,,,r73,,,,,,,,,,,,,,,,,,,,,r73,,,,,,,,,,,,,,,,,,,,,,,,,,,,,,,,,,,,,,,,,,,,,,,,,,,,,,,,,,,,,,,
,,,,,,,,,,,r76,,,,,,,,,,,,,,,,,,,,,,r76,r76,,,,,,,,,,,,,,,,,,,,,,,,,,,,,,,,,,,,,,,,,,,,,,,,,,,,,,,,,,,,,
,,,,,,,,,,,r79,,,,,,,,,,,,,,,,,,,,,,,,r79,,,,,,,,,,,,,,,,,,,,,,,,,,,,,,,,,,,,,,,,,,,,,,,,,,,,,,,,,,,,
,,,,,,,,,,,r80,,,,,,,,,,,,,,,,,,,,,,,,r80,,,,,,,,,,,,,,,,,,,,,,,,,,,,,,,,,,,,,,,,,,,,,,,,,,,,,,,,,,,,
,,,,,,,,,,,r82,,,,,,,,,,,,,,,,,,,,,,,,,r82,r82,,,,,,,,,,,,,,,,,,,,,,,,,,,,,,,,,,,,,,,,,,,,,,,,,,,,,,,,,,
,,,,,,,,,,,r86,,,,,,,,,,,,,,,,,,,,,,,,,r86,r86,,,,,,,,,,,,,,,,,,,,,,,,,,,,,,,,,,,,,,,,,,,,,,,,,,,,,,,,,,
,,,,,,,,,,,r65,,,,,,,,,,,,,,,,,,,,,,,,,r65,r65,,,,,,,,,,,,,,,,,,,,,,,,,,,,,,,,,,,,,,,,,,,,,,,,,,,,,,,,,,
,,,,,,,,,,,s192,,,,,,,,,,,,,,,,,,,,s191,,,,,,,,,,,,,,,,,,,,,,,,,,,,,,,,,,,,,,,,,,,,,,,,,,,,,200,,,,,,,,,,,
,,,,,,,,,,,r67,,,,,,,,,,,,,,,,,,,,,,,,,r67,r67,,,,,,,,,,,,,,,,,,,,,,,,,,,,,,,,,,,,,,,,,,,,,,,,,,,,,,,,,,
,,,,,,,,,,,,,s201,,,,,,,,,,,,,,,,,,,,,,,,,,,,,,,,,,,,,,,,,,,,,,,,,,,,,,,,,,,,,,,,,,,,,,,,,,,,,,,,,,
,,,,,,,,,,,,s132,,,,,,,,,,,,,,,,,,,,,,,,,,s128,,s130,s131,s133,s134,s135,s136,s137,s138,s139,s140,,,,,,,,,,,,,,,,,,,,,,,,,,,,,,,,,202,203,,204,,124,,125,,126,,127,,129
,,,,,,,,,,,,,,,,,,s205,,,,,,,,,,,,,,,,,,,,,,,,,,,,,,,,,,,,,,,,,,,,,,,,,,,,,,,,,,,,,,,,,,,,,,,,,,,,,
,,,s84,,,,,,,,s83,,,,,,,,,,,,,,,,,,,,,,,,,,,,,,,,,,,,,,,,,,,,,82,,,,,,,,,,,,,,,206,,,,,,,,,,,,,,,,,,,,,,,,
,,,,,,,,,,,r58,,,,,,r58,,,,r58,,,r58,r58,r58,r58,r58,,,r58,,,,,,,,,,,,,,,,,,,,,,,,,,,,,,,,,,,,,,,,,,,,,,,,,,,,,,,,,,,,,,,,
,,,,,,,,,,,,,r66,,,,,,,,,,,,,,,,,,,,,,,,,,,,,,,,,,,,,,,,,,,,,,,,,,,,,,,,,,,,,,,,,,,,,,,,,,,,,,,,,,
,s207,,,,,,,,,,,,,,,,,,,,,,,,,,,,,,,,,,,,,,,,,,,,,,,,,,,,,,,,,,,,,,,,,,,,,,,,,,,,,,,,,,,,,,,,,,,,,,
,,,,,,,,,,,r66,,,,,,,,,,,,,,,,,,,,,,,,,r66,r66,,,,,,,,,,,,,,,,,,,,,,,,,,,,,,,,,,,,,,,,,,,,,,,,,,,,,,,,,,
,,,,,,,,,,,r89,,,,,,,,,,,,,,,,,,,,,,,,,r89,r89,,,,,,,,,,,,,,,,,,,,,,,,,,,,,,,,,,,,,,,,,,,,,,,,,,,,,,,,,,
,,,,,,,,,,,,,s208,,,,,,,,,,,,,,,,,,,,,,,,,,,,,,,,,,,,,,,,,,,,,,,,,,,,,,,,,,,,,,,,,,,,,,,,,,,,,,,,,,
,,,,,,,,,,,,s132,r64,,,,,,,,,,,,,,,,,,,,,,,,,s128,,s130,s131,s133,s134,s135,s136,s137,s138,s139,s140,,,,,,,,,,,,,,,,,,,,,,,,,,,,,,,,,209,203,,204,,124,,125,,126,,127,,129
,,,,,,,,,,,s212,,,,,,,,,,,,,,,,,,,,s211,,,,,,,,,,,,,,,,,,,,,,,,,,,,,,,,,,,,,,,,,,,,,,,,,,,,,210,,,,,,,,,,,
,,,,,,,,,,,r38,,,,,,r38,,,,r38,,,r38,r38,r38,r38,r38,,,r38,,,,,,,,,,,,,,,,,,,,,,,,,,,,,,,,,,,,,,,,,,,,,,,,,,,,,,,,,,,,,,,,
,,,,,,,,,,,s93,,,,,,s108,,,,s95,,,s103,s104,s106,s105,s107,,,s102,,,,,,,,,,,,,,,,,,,,,,,,,,,,,,,,,,,,,,101,,,213,92,,,,96,97,99,98,100,,,94,,,,,,,,,,,
,,,,,,,,,,,,s132,,,,,,,,,,,,,,,,,,,,,,,,,,s128,,s130,s131,s133,s134,s135,s136,s137,s138,s139,s140,,,,,,,,,,,,,,,,,,,,,,,,,,,,,,,,,,214,,147,,124,,125,,126,,127,,129
,s215,,,,,,,,,,,,,,,,,,,,,,,,,,,,,,,,,,,,,,,,,,,,,,,,,,,,,,,,,,,,,,,,,,,,,,,,,,,,,,,,,,,,,,,,,,,,,,
,,,,,,,,,,,,,r63,,,,,,,,,,,,,,,,,,,,,,,,,,,,,,,,,,,,,,,,,,,,,,,,,,,,,,,,,,,,,,,,,,,,,,,,,,,,,,,,,,
,,,,,,,,,,,,r65,r65,,,,,,,,,,,,,,,,,,,,,,,,,r65,,r65,r65,r65,r65,r65,r65,r65,r65,r65,r65,,,,,,,,,,,,,,,,,,,,,,,,,,,,,,,,,,,,,,,,,,,,,,
,,,,,,,,,,,s212,,,,,,,,,,,,,,,,,,,,s211,,,,,,,,,,,,,,,,,,,,,,,,,,,,,,,,,,,,,,,,,,,,,,,,,,,,,216,,,,,,,,,,,
,,,,,,,,,,,,r67,r67,,,,,,,,,,,,,,,,,,,,,,,,,r67,,r67,r67,r67,r67,r67,r67,r67,r67,r67,r67,,,,,,,,,,,,,,,,,,,,,,,,,,,,,,,,,,,,,,,,,,,,,,
,,,,,,,,,,,,,,,,,,s217,,,,,,,,,,,,,,,,,,,,,,,,,,,,,,,,,,,,,,,,,,,,,,,,,,,,,,,,,,,,,,,,,,,,,,,,,,,,,
,,,,,,,,,,,,,s218,,,,,,,,,,,,,,,,,,,,,,,,,,,,,,,,,,,,,,,,,,,,,,,,,,,,,,,,,,,,,,,,,,,,,,,,,,,,,,,,,,
,,,,,,,,,,,r62,,,,,,r62,,,,r62,,,r62,r62,r62,r62,r62,,,r62,,,,,,,,,,,,,,,,,,,,,,,,,,,,,,,,,,,,,,,,,,,,,,,,,,,,,,,,,,,,,,,,
,,,,,,,,,,,,r66,r66,,,,,,,,,,,,,,,,,,,,,,,,,r66,,r66,r66,r66,r66,r66,r66,r66,r66,r66,r66,,,,,,,,,,,,,,,,,,,,,,,,,,,,,,,,,,,,,,,,,,,,,,
,,r38,r38,,r38,r38,r38,r38,r38,,r38,,,r38,,,,,,,,,,,,,,,,,,,,,,,,,,,,,,,,,,,,,,,,,,,,,,,,,,,,,,,,,,,,,,,,,,,,,,,,,,,,,,,,,
,,,,,,,,,,,s118,,,,,,s108,,,,s95,,,s103,s104,s106,s105,s107,,,s102,,,,,,,,,,,,,,,,,,,,,,,,,,,,,,,,,,,,,,101,,,,219,,,,96,97,99,98,100,,,94,,,,,,,,,,,
,,,,,,,,,,,r59,,,,,,r59,,,,r59,,,r59,r59,r59,r59,r59,,,r59,,,,,,,,,,,,,,,,,,,,,,,,,,,,,,,,,,,,,,,,,,,,,,,,,,,,,,,,,,,,,,,,